BA5039B2SF,Sarah Brown,BA2503,False
BA503JZ5PF,Patricia Johnson,BA2503,False
BA503HC6MM,Michael Brown,BA2503,False
BA503HP7BF,Barbara Smith,BA2503,False
BA857PHECM,Charles Miller,BA8857,False
BA857JOUJM,John Brown,BA8857,False
BA8571Y0MM,Michael Jones,BA8857,False
BA8572W4BF,Barbara Brown,BA8857,False
BE107C93BF,Barbara Smith,BE2107,False
BE1077E5BF,Barbara Brown,BE2107,False
BE1077YELF,Linda Brown,BE2107,False
BE107OIJSF,Sarah Taylor,BE2107,False
BE8491IAJM,Joseph Martinez,BE849,False
BE849VZJMM,Michael Johnson,BE849,False
BE849XOSMM,Michael Williams,BE849,False
BE8490HUJM,John Smith,BE849,False
BE851EQZTM,Thomas Jones,BE851,False
BE8511YWMM,Michael Jones,BE851,False
BE851SORRM,Robert Williams,BE851,False
BE851ZJIWM,William Brown,BE851,False
EJ684FOPBF,Barbara Johnson,EJU2684,False
EJ684DYULF,Linda Moore,EJU2684,False
EJ684V8EJM,James Williams,EJU2684,False
EJ6846V0MM,Michael Jones,EJU2684,False
EK0243S8EF,Elizabeth Johnson,EK024,False
EK024KUKBF,Barbara Johnson,EK024,False
EK024STBMF,Mary Brown,EK024,False
EK02463IMM,Michael Williams,EK024,False
EZ917S0ISF,Susan Martinez,EZS6917,False
EZ917AXLMM,Michael Smith,EZS6917,False
EZ917Q10PF,Patricia Williams,EZS6917,False
EZ917I9QMM,Michael Williams,EZS6917,False
